Sample	Total_reads	Genus_classified	Species_classified	Genus_unclassified	Species_unclassified
SRR14919235	267812	267812	267812	0	0
SRR14919236	391018	391018	391018	0	0
SRR14919237	204580	204580	204580	0	0
SRR14919238	287408	287408	287408	0	0
SRR14919239	262468	262468	262468	0	0
SRR14919240	323624	323624	323624	0	0
SRR14919241	376246	376246	376246	0	0
SRR14919242	367366	367366	367366	0	0
SRR14919243	312156	312156	312156	0	0
SRR14919244	299478	299478	299478	0	0
SRR14919245	298536	298536	298536	0	0
SRR14919246	244428	244428	244428	0	0
