"Sample","Dominant_Genus","Genus_Relative_Abundance","Dominant_Species","Species_Relative_Abundance"
"SRR14919235","Blautia",0.452381046404638,"Ruminococcus_gnavus",0.270549270549271
"SRR14919236","Bacteroides",0.513853635361534,"Bacteroides_vulgatus",0.348056249811798
"SRR14919237","Bacteroides",0.335390171940177,"Ruminococcus_albus",0.177507104636575
"SRR14919238","Eubacterium",0.166274568473809,"Faecalibacterium_prausnitzii",0.107687512898158
"SRR14919239","Bacteroides",0.17816617676355,"Eubacterium_rectale",0.101985419961978
"SRR14919240","Bacteroides",0.378789687072696,"Bacteroides_dorei",0.198864622619179
"SRR14919241","Bacteroides",0.734225886635004,"Bacteroides_vulgatus",0.496877880030453
"SRR14919242","Bacteroides",0.253595283731196,"Alistipes_massiliensis",0.133381437719852
"SRR14919243","Bacteroides",0.522423902819748,"Bacteroides_vulgatus",0.3769
"SRR14919244","Prevotella",0.346213934605112,"Prevotella_copri",0.395706560506254
"SRR14919245","Bacteroides",0.372591236201639,"Bacteroides_vulgatus",0.166376521176446
"SRR14919246","Bacteroides",0.558732530059121,"Bacteroides_stercoris",0.337282945852408
