"Species","Mean_Abundance"
"Bacteroides_vulgatus",0.153510378543074
"Prevotella_copri",0.0487528330709805
"Faecalibacterium_prausnitzii",0.0447587004530324
"Bacteroides_dorei",0.0385922845883282
"Bacteroides_stercoris",0.0353650490888048
"Bacteroides_uniformis",0.0335930900528612
"Eubacterium_rectale",0.0331351257574403
"Ruminococcus_gnavus",0.0318012064652665
"Bacteroides_ovatus",0.0247536850459715
"Bacteroides_fragilis",0.0243960495384624
"Ruminococcus_torques",0.02266936705971
"Alistipes_putredinis",0.0216194560522555
"Ruminococcus_albus",0.0191265388742549
"Oscillibacter_valericigenes",0.0174912312252234
"Alistipes_massiliensis",0.0162032242709257
"Anaerostipes_hadrus",0.0160252729823251
"Parabacteroides_distasonis",0.014796077525981
"Ruminococcus_bromii",0.014134495221696
"Dialister_invisus",0.013659911754739
"Eubacterium_ventriosum",0.012029353042005
