"Sample","Rank","Taxon","Relative_Abundance"
"SRR14919235","Species","Ruminococcus_gnavus",0.270549270549271
"SRR14919235","Species","Ruminococcus_torques",0.0992655992655993
"SRR14919235","Species","Anaerostipes_hadrus",0.0795735795735796
"SRR14919235","Species","Parasutterella_excrementihominis",0.077971577971578
"SRR14919235","Species","Dialister_invisus",0.0694305694305694
"SRR14919236","Species","Bacteroides_vulgatus",0.348056249811798
"SRR14919236","Species","Ruminococcus_gnavus",0.106501249661236
"SRR14919236","Species","Bacteroides_fragilis",0.0987533499954832
"SRR14919236","Species","Dialister_invisus",0.0742599897618116
"SRR14919236","Species","Ruminococcus_torques",0.0708211629377578
"SRR14919237","Species","Ruminococcus_albus",0.177507104636575
"SRR14919237","Species","Bacteroides_vulgatus",0.134476049053995
"SRR14919237","Species","Bacteroides_intestinalis",0.122334161140838
"SRR14919237","Species","Bacteroides_dorei",0.0583156250800072
"SRR14919237","Species","Oscillibacter_valericigenes",0.0321564812207174
"SRR14919238","Species","Faecalibacterium_prausnitzii",0.107687512898158
"SRR14919238","Species","Oscillibacter_valericigenes",0.103303192004616
"SRR14919238","Species","Eubacterium_ventriosum",0.0957053871132132
"SRR14919238","Species","Bacteroides_plebeius",0.0881749685179648
"SRR14919238","Species","Sporobacter_termitidis",0.0632673088019138
"SRR14919239","Species","Eubacterium_rectale",0.101985419961978
"SRR14919239","Species","Faecalibacterium_prausnitzii",0.055266427491505
"SRR14919239","Species","Bacteroides_vulgatus",0.0548223400911128
"SRR14919239","Species","Akkermansia_muciniphila",0.0521628054348314
"SRR14919239","Species","Bacteroides_uniformis",0.0500271941160914
"SRR14919240","Species","Bacteroides_dorei",0.198864622619179
"SRR14919240","Species","Faecalibacterium_prausnitzii",0.0905855990910669
"SRR14919240","Species","Eubacterium_rectale",0.0853702797809724
"SRR14919240","Species","Bacteroides_uniformis",0.0803048713133768
"SRR14919240","Species","Ruminococcus_bromii",0.0730381404743495
"SRR14919241","Species","Bacteroides_vulgatus",0.496877880030453
"SRR14919241","Species","Bacteroides_ovatus",0.0901374400619749
"SRR14919241","Species","Faecalibacterium_prausnitzii",0.086544497722689
"SRR14919241","Species","Bacteroides_uniformis",0.0837295810014826
"SRR14919241","Species","Roseburia_faecis",0.0404640104716238
"SRR14919242","Species","Alistipes_massiliensis",0.133381437719852
"SRR14919242","Species","Eubacterium_rectale",0.0992585911427798
"SRR14919242","Species","Bacteroides_vulgatus",0.0882511048976279
"SRR14919242","Species","Bacteroides_fragilis",0.0653594299630198
"SRR14919242","Species","Alistipes_putredinis",0.0550843330026157
"SRR14919243","Species","Bacteroides_vulgatus",0.3769
"SRR14919243","Species","Parabacteroides_distasonis",0.0991692307692308
"SRR14919243","Species","Bacteroides_fragilis",0.0842692307692308
"SRR14919243","Species","Alistipes_massiliensis",0.0448115384615385
"SRR14919243","Species","Bacteroides_ovatus",0.0429384615384615
"SRR14919244","Species","Prevotella_copri",0.395706560506254
"SRR14919244","Species","Bacteroides_vulgatus",0.0874309100545547
"SRR14919244","Species","Faecalibacterium_prausnitzii",0.0760457637452628
"SRR14919244","Species","Akkermansia_muciniphila",0.0392841345176755
"SRR14919244","Species","Barnesiella_intestinihominis",0.026687548069068
"SRR14919245","Species","Bacteroides_vulgatus",0.166376521176446
"SRR14919245","Species","Prevotella_copri",0.164489531801198
"SRR14919245","Species","Bacteroides_uniformis",0.0564134677604525
"SRR14919245","Species","Akkermansia_muciniphila",0.0508318199845534
"SRR14919245","Species","Barnesiella_intestinihominis",0.0499467718704991
"SRR14919246","Species","Bacteroides_stercoris",0.337282945852408
"SRR14919246","Species","Bacteroides_dorei",0.169219951527483
"SRR14919246","Species","Alistipes_putredinis",0.0739106150823335
"SRR14919246","Species","Bacteroides_uniformis",0.064206137857435
"SRR14919246","Species","Parabacteroides_merdae",0.0288192054895625
